{
  "logistic_regression": {
    "auc": 0.8319275508074158,
    "f1": 0.6629055007052186
  },
  "xgboost": {
    "auc": 0.8323284123038387,
    "f1": 0.6545454545454545
  }
}